risk_group,n_loans,event_rate,median_duration_days,avg_risk_score,split_threshold
High-Risk,18,0.5555555555555556,30.0,1.3729753775080211,1.062421224320682
Prime,9,0.2222222222222222,73.0,0.9014609009819069,1.062421224320682
