horizon_days,positive_rate,time_dependent_auc,cumulative_auc,avg_precision,ks_statistic,brier_score,brier_skill_score
30,0.4074074074074074,0.6193181818181819,0.6193181818181819,0.5133087174263645,0.31818181818181823,0.34447875897464897,-0.42684667779840413
90,0.4074074074074074,0.6590909090909092,0.6590909090909092,0.6470589617718805,0.38636363636363635,0.2773581431637774,-0.14883003617269175
180,0.4074074074074074,0.6761363636363636,0.6761363636363636,0.6640790581967052,0.3579545454545454,0.2433528701294043,-0.007978649570089535
360,0.4444444444444444,0.6944444444444444,0.6944444444444444,0.6930511318746613,0.4166666666666667,0.23399358985949373,0.0523259610690503
