{
  "loan_file_name": "Loan_Augmented_RealSignals.csv",
  "split_cutoff_date": "2021-05-21",
  "n_train_loans": 63,
  "n_test_loans": 27,
  "train_events": 17,
  "test_events": 12,
  "n_train_intervals": 652,
  "n_test_intervals": 164,
  "n_features": 31,
  "train_c_index": 0.8119533527696793,
  "test_c_index": 0.6884057971014492,
  "warning_threshold_global": 0.16612130818402587,
  "warning_precision": 0.34782608695652173,
  "warning_recall": 0.6666666666666666,
  "warning_f1": 0.45714285714285713,
  "warning_avg_precision": 0.5510659604409605,
  "warning_roc_auc": 0.9066666666666666,
  "warning_positive_rate": 0.08759124087591241,
  "warning_ks_90d": 0.76,
  "warning_brier_90d": 0.06562841466641474,
  "warning_brier_skill_90d": 0.17881352341737455,
  "integrated_brier_score_origination": 0.2747958405318311,
  "max_approval_rate_at_3pct_bad_debt": 0.037037037037037035,
  "risk_split_threshold": 1.062421224320682,
  "time_auc_30d": 0.6193181818181819,
  "cumulative_auc_30d": 0.6193181818181819,
  "ks_30d": 0.31818181818181823,
  "brier_30d": 0.34447875897464897,
  "brier_skill_30d": -0.42684667779840413,
  "time_auc_90d": 0.6590909090909092,
  "cumulative_auc_90d": 0.6590909090909092,
  "ks_90d": 0.38636363636363635,
  "brier_90d": 0.2773581431637774,
  "brier_skill_90d": -0.14883003617269175,
  "time_auc_180d": 0.6761363636363636,
  "cumulative_auc_180d": 0.6761363636363636,
  "ks_180d": 0.3579545454545454,
  "brier_180d": 0.2433528701294043,
  "brier_skill_180d": -0.007978649570089535,
  "time_auc_360d": 0.6944444444444444,
  "cumulative_auc_360d": 0.6944444444444444,
  "ks_360d": 0.4166666666666667,
  "brier_360d": 0.23399358985949373,
  "brier_skill_360d": 0.0523259610690503
}