{
  "loan_file_name": "Loan.csv",
  "split_cutoff_date": "2021-02-21",
  "n_train_loans": 54,
  "n_test_loans": 36,
  "train_events": 9,
  "test_events": 3,
  "n_train_intervals": 605,
  "n_test_intervals": 390,
  "n_features": 31,
  "train_c_index": 0.7120253164556962,
  "test_c_index": 0.654320987654321,
  "warning_threshold_global": 0.10866434578093997,
  "warning_precision": 0.05555555555555555,
  "warning_recall": 0.5,
  "warning_f1": 0.1,
  "warning_avg_precision": 0.2329710144927536,
  "warning_roc_auc": 0.8835714285714285,
  "warning_positive_rate": 0.011299435028248588,
  "warning_ks_90d": 0.6685714285714286,
  "warning_brier_90d": 0.01280816445066156,
  "warning_brier_skill_90d": -0.14647709735650283,
  "integrated_brier_score_origination": 0.0750447124857108,
  "max_approval_rate_at_3pct_bad_debt": 0.1111111111111111,
  "risk_split_threshold": 1.0311140894969735,
  "time_auc_30d": 0.7714285714285715,
  "cumulative_auc_30d": 0.7714285714285715,
  "ks_30d": 0.7714285714285715,
  "brier_30d": 0.027215580672238338,
  "brier_skill_30d": -0.007754072892025343,
  "time_auc_90d": 0.6464646464646465,
  "cumulative_auc_90d": 0.6464646464646465,
  "ks_90d": 0.5151515151515151,
  "brier_90d": 0.07676381948316506,
  "brier_skill_90d": -0.004908182325070065,
  "time_auc_180d": 0.6565656565656565,
  "cumulative_auc_180d": 0.6565656565656565,
  "ks_180d": 0.5454545454545454,
  "brier_180d": 0.09124831662396539,
  "brier_skill_180d": -0.19452341762281966,
  "time_auc_360d": 0.6464646464646465,
  "cumulative_auc_360d": 0.6464646464646465,
  "ks_360d": 0.5151515151515151,
  "brier_360d": 0.10495113316347442,
  "brier_skill_360d": -0.37390574323093806
}